image_name,vehicle_class,start_date,expiry_date,confidence,rotation_angle
374037.jpg,A1,23.08.2011,07.11.2027,0.9948497414588928,0
374037.jpg,A,23.08.2011,07.11.2027,0.9979191422462463,0
374037.jpg,B1,23.08.2011,07.11.2027,0.9828477501869202,0
374037.jpg,B,23.08.2011,07.11.2027,0.9867540001869202,0
374037.jpg,C1,,,0.9928488731384277,0
374037.jpg,C,,,0.7144759297370911,0
374037.jpg,CE,,,0.9974340200424194,0
374037.jpg,D1,,,0.9963676929473877,0
374037.jpg,D,,,0.997462272644043,0
374037.jpg,DE,,,0.9989615678787231,0
374037.jpg,G1,23.08.2011,07.11.2027,0.997268557548523,0
374037.jpg,G,,,0.9938889741897583,0
374037.jpg,J,,,0.9526363611221313,0
374036.jpg,A1,08.12.2014,18.07.2031,0.997032642364502,270
374036.jpg,A,08.12.2014,18.07.2031,0.9989370703697205,270
374036.jpg,B1,08.12.2014,18.07.2031,0.9879447817802429,270
374036.jpg,B,23.02.2023,18.07.2031,0.9806336760520935,270
374036.jpg,C1,,,0.9940274953842163,270
374036.jpg,C,,,0.8408363461494446,270
374036.jpg,CE,,,0.9973395466804504,270
374036.jpg,D1,,,0.9962581396102905,270
374036.jpg,D,,,0.9973440766334534,270
374036.jpg,DE,,,0.9983386397361755,270
374036.jpg,G1,08.12.2014,18.07.2031,0.9988265037536621,270
374036.jpg,G,,,0.9963601231575012,270
374036.jpg,J,,,0.9864431619644165,270
374035.jpg,A1,28.10.2021,28.10.2029,0.998333752155304,90
374035.jpg,A,28.10.2021,28.10.2029,0.9991002082824707,90
374035.jpg,B1,28.10.2021,28.10.2029,0.9954660534858704,90
374035.jpg,B,28.10.2021,28.10.2029,0.9904705286026001,90
374035.jpg,C1,,,0.9966262578964233,90
374035.jpg,C,,,0.8177396655082703,90
374035.jpg,CE,,,0.9961211681365967,90
374035.jpg,D1,,,0.9980143308639526,90
374035.jpg,D,,,0.9974729418754578,90
374035.jpg,DE,,,0.9985634684562683,90
374035.jpg,G1,28.10.2021,28.10.2029,0.9982761144638062,90
374035.jpg,G,,,0.9964876174926758,90
374035.jpg,J,,,0.9907630085945129,90
374034.jpg,A1,05.01.2018,05.01.2026,0.997077465057373,0
374034.jpg,A,,,0.9991481304168701,0
374034.jpg,B1,05.01.2018,05.01.2026,0.9932355880737305,0
374034.jpg,B,05.01.2018,05.01.2026,0.9898366332054138,0
374034.jpg,C1,,,0.9888901114463806,0
374034.jpg,C,05.01.2018,05.01.2026,0.9880449771881104,0
374034.jpg,CE,,,0.9967473745346069,0
374034.jpg,D1,,,0.9970065355300903,0
374034.jpg,D,,,0.9963228702545166,0
374034.jpg,DE,,,0.9987505674362183,0
374034.jpg,G1,05.01.2018,05.01.2026,0.9312744140625,0
374034.jpg,G,,,0.9943177103996277,0
374034.jpg,J,,,0.0,0
374033.jpg,A1,18.12.2012,25.01.2029,0.9949910640716553,270
374033.jpg,A,18.12.2012,25.01.2029,0.9984514713287354,270
374033.jpg,B1,18.12.2012,25.01.2029,0.7753456830978394,270
374033.jpg,B,,,0.0,270
374033.jpg,C1,,,0.0,270
374033.jpg,C,,,0.0,270
374033.jpg,CE,,,0.995334267616272,270
374033.jpg,D1,18.12.2012,25.01.2029,0.9941606521606445,270
374033.jpg,D,,,0.0,270
374033.jpg,DE,,,0.0,270
374033.jpg,G1,,,0.0,270
374033.jpg,G,,,0.0,270
374033.jpg,J,,,0.0,270
374032.jpg,A1,15.06.2012,,0.9673849940299988,0
374032.jpg,A,,,0.0,0
374032.jpg,B1,,,0.0,0
374032.jpg,B,,,0.0,0
374032.jpg,C1,,,0.0,0
374032.jpg,C,,,0.0,0
374032.jpg,CE,,,0.0,0
374032.jpg,D1,,,0.0,0
374032.jpg,D,,,0.0,0
374032.jpg,DE,,,0.0,0
374032.jpg,G1,,,0.964053750038147,0
374032.jpg,G,,,0.9835028052330017,0
374032.jpg,J,,,0.0,0
374030.jpg,A1,20.08.2012,,0.979008674621582,0
374030.jpg,A,07.06.2012,,0.9304866790771484,0
374030.jpg,B1,,,0.9395517110824585,0
374030.jpg,B,,,0.9573670625686646,0
374030.jpg,C1,,,0.9927916526794434,0
374030.jpg,C,,,0.818742036819458,0
374030.jpg,CE,,,0.9959118366241455,0
374030.jpg,D1,,,0.996128261089325,0
374030.jpg,D,,,0.9948387742042542,0
374030.jpg,DE,20.08.2012,,0.9982516169548035,0
374030.jpg,G1,,,0.9974180459976196,0
374030.jpg,G,,,0.983628511428833,0
374030.jpg,J,,,0.9406656622886658,0
374029.jpg,A1,24.04.2019,24.04.2027,0.9987742900848389,270
374029.jpg,A,24.04.2019,24.04.2027,0.9994298815727234,270
374029.jpg,B1,24.04.2019,24.04.2027,0.9954378604888916,270
374029.jpg,B,24.04.2019,24.04.2027,0.99058997631073,270
374029.jpg,C1,,,0.9966148138046265,270
374029.jpg,C,,,0.854439914226532,270
374029.jpg,CE,,,0.9965453743934631,270
374029.jpg,D1,,,0.9979617595672607,270
374029.jpg,D,,,0.9977899789810181,270
374029.jpg,DE,,,0.9984441995620728,270
374029.jpg,G1,24.04.2019,24.04.2027,0.9983620643615723,270
374029.jpg,G,,,0.9966726303100586,270
374029.jpg,J,,,0.9736605882644653,270
374028.jpg,A1,29.11.2010,21.12.2026,0.9966440200805664,270
374028.jpg,A,,,0.0,270
374028.jpg,B1,,,0.0,270
374028.jpg,B,,,0.0,270
374028.jpg,C1,,,0.0,270
374028.jpg,C,,,0.0,270
374028.jpg,CE,,,0.9964002966880798,270
374028.jpg,D1,,,0.9974373579025269,270
374028.jpg,D,,,0.9974015951156616,270
374028.jpg,DE,,,0.9984637498855591,270
374028.jpg,G1,29.11.2010,21.12.2025,0.9970176219940186,270
374028.jpg,G,,,0.9969183206558228,270
374028.jpg,J,,,0.9835497140884399,270
374027.jpg,A1,19.07.2005,16.10.2027,0.9985917806625366,180
374027.jpg,A,19.07.2005,16.10.2027,0.9995286464691162,180
374027.jpg,B1,19.07.2005,16.10.2027,0.9967498779296875,180
374027.jpg,B,19.07.2005,16.10.2027,0.9921443462371826,180
374027.jpg,C1,,,0.9961025714874268,180
374027.jpg,C,,,0.8186079263687134,180
374027.jpg,CE,,,0.9956722259521484,180
374027.jpg,D1,,,0.9983246326446533,180
374027.jpg,D,,,0.9965577721595764,180
374027.jpg,DE,,,0.9985535740852356,180
374027.jpg,G1,19.07.2005,16.10.2027,0.998100757598877,180
374027.jpg,G,,,0.9964838027954102,180
374027.jpg,J,,,0.0,180
374026.jpg,A1,29.03.2018,29.03.2026,0.9966148138046265,270
374026.jpg,A,29.03.2018,29.03.2026,0.9975918531417847,270
374026.jpg,B1,29.03.2018,29.03.2026,0.9145522713661194,270
374026.jpg,B,,,0.9554805159568787,270
374026.jpg,C1,,,0.9928526878356934,270
374026.jpg,C,,,0.7869554758071899,270
374026.jpg,CE,,,0.9952356815338135,270
374026.jpg,D1,,,0.9878862500190735,270
374026.jpg,D,,,0.9970833659172058,270
374026.jpg,DE,,,0.9980772137641907,270
374026.jpg,G1,29.03.2018,29.03.2026,0.9953539371490479,270
374026.jpg,G,,,0.9962459206581116,270
374026.jpg,J,,,0.9623735547065735,270
374025.jpg,A1,25.08.2022,25.08.2030,0.9798482358455658,0
374025.jpg,A,,,0.0,0
374025.jpg,B1,,,0.0,0
374025.jpg,B,,,0.0,0
374025.jpg,C1,,,0.989963948726654,0
374025.jpg,C,,,0.8954010605812073,0
374025.jpg,CE,,,0.9942014217376709,0
374025.jpg,D1,,,0.9949630498886108,0
374025.jpg,D,,,0.9974445104598999,0
374025.jpg,DE,,,0.9984951019287109,0
374025.jpg,G1,,,0.0,0
374025.jpg,G,25.08.2022,25.08.2030,0.9918453097343445,0
374025.jpg,J,,,0.9836877584457397,0
374024.jpg,A1,11.01.2017,11.01.2025,0.9986993074417114,0
374024.jpg,A,11.01.2017,11.01.2025,0.9993822574615479,0
374024.jpg,B1,,,0.9977054595947266,0
374024.jpg,B,11.01.2017,11.01.2025,0.9938101172447205,0
374024.jpg,C1,,,0.9970188140869141,0
374024.jpg,C,,,0.8205705285072327,0
374024.jpg,CE,,,0.9973335862159729,0
374024.jpg,D1,,,0.9982587099075317,0
374024.jpg,D,,,0.9972892999649048,0
374024.jpg,DE,,,0.9989429712295532,0
374024.jpg,G1,11.01.2017,11.01.2025,0.9979240894317627,0
374024.jpg,G,,,0.9965678453445435,0
374024.jpg,J,,,0.9686130285263062,0
374022.jpg,A1,28.08.2018,28.08.2026,0.9986189007759094,0
374022.jpg,A,,,0.999467670917511,0
374022.jpg,B1,28.08.2018,28.08.2026,0.9960280656814575,0
374022.jpg,B,,,0.9932007193565369,0
374022.jpg,C1,,,0.9944432973861694,0
374022.jpg,C,,,0.7687687277793884,0
374022.jpg,CE,,,0.9963654279708862,0
374022.jpg,D1,,,0.997732937335968,0
374022.jpg,D,,,0.9977725148200989,0
374022.jpg,DE,28.08.2018,28.08.2026,0.9986096620559692,0
374022.jpg,G1,,,0.9967658519744873,0
374022.jpg,G,,,0.996283233165741,0
374022.jpg,J,,,0.9868546724319458,0
374021.jpg,A1,27.04.2022,27.04.2030,0.9970756769180298,0
374021.jpg,A,,,0.7174878716468811,0
374021.jpg,B1,,,0.0,0
374021.jpg,B,,,0.0,0
374021.jpg,C1,,,0.0,0
374021.jpg,C,,,0.0,0
374021.jpg,CE,,,0.9918694496154785,0
374021.jpg,D1,,,0.9921572804450989,0
374021.jpg,D,,,0.9951149225234985,0
374021.jpg,DE,,,0.9978252649307251,0
374021.jpg,G1,27.04.2022,27.04.2030,0.9970813989639282,0
374021.jpg,G,,,0.9903663396835327,0
374021.jpg,J,,,0.0,0
374020.jpg,A1,22.08.2011,13.01.2028,0.9966066479682922,270
374020.jpg,A,22.08.2011,13.01.2029,0.9983071088790894,270
374020.jpg,B1,30.01.2018,13.01.2028,0.9832296371459961,270
374020.jpg,B,,,0.9801642298698425,270
374020.jpg,C1,,,0.9893660545349121,270
374020.jpg,C,,,0.762519121170044,270
374020.jpg,CE,,,0.9969309568405151,270
374020.jpg,D1,,,0.9880527257919312,270
374020.jpg,D,,,0.9947983026504517,270
374020.jpg,DE,,,0.996374249458313,270
374020.jpg,G1,22.08.2011,13.01.2028,0.9944730401039124,270
374020.jpg,G,,,0.9955050349235535,270
374020.jpg,J,,,0.9676152467727661,270
374019.jpg,A1,23.04.2002,17.06.2027,0.9904953241348267,0
374019.jpg,A,,,0.0,0
374019.jpg,B1,23.04.2002,31.05.2011,0.9584735631942749,0
374019.jpg,B,,,0.0,0
374019.jpg,C1,,,0.0,0
374019.jpg,C,,,0.53550785779953,0
374019.jpg,CE,,,0.9717581272125244,0
374019.jpg,D1,,,0.9096771478652954,0
374019.jpg,D,,,0.0,0
374019.jpg,DE,,,0.9931148290634155,0
374019.jpg,G1,23.04.2002,17.06.2027,0.9940110445022583,0
374019.jpg,G,,,0.0,0
374019.jpg,J,,,0.0,0
374018.jpg,A1,5.01.2008,17.05.2031,0.9743837118148804,0
374018.jpg,A,25.01.2008,17.05.2031,0.9985154271125793,0
374018.jpg,B1,25.01.2000,17.05.2031,0.9276812076568604,0
374018.jpg,B,25.01.2008,17.05.2031,0.855698823928833,0
374018.jpg,C1,25.01.2008,17.05.2027,0.9055062532424927,0
374018.jpg,C,25.01.2008,17.05.2027,0.7315935492515564,0
374018.jpg,CE,25.01.2008,17.05.2027,0.9951670169830322,0
374018.jpg,D1,25.01.2008,17.05.2027,0.9934864044189453,0
374018.jpg,D,,,0.990587592124939,0
374018.jpg,DE,,,0.9119547605514526,0
374018.jpg,G1,25.01.2008,17.05.2031,0.9921905994415283,0
374018.jpg,G,25.01.2008,17.05.2031,0.993747353553772,0
374018.jpg,J,25.01.2003,17.05.2027,0.9410813450813293,0
374017.jpg,A1,07.01.2014,22.04.2029,0.9974932670593262,0
374017.jpg,A,07.01.2014,22.04.2029,0.6833416819572449,0
374017.jpg,B1,07.01.2014,22.04.2029,0.9820663928985596,0
374017.jpg,B,21.01.2014,22.04.2029,0.9855522513389587,0
374017.jpg,C1,14.02.2017,22.04.2025,0.995370626449585,0
374017.jpg,C,14.02.2017,22.04.2025,0.7486607432365417,0
374017.jpg,CE,,,0.9961600303649902,0
374017.jpg,D1,14.02.2017,22.04.2025,0.9872381091117859,0
374017.jpg,D,14.02.2017,22.04.2025,0.9968422651290894,0
374017.jpg,DE,,,0.9980674386024475,0
374017.jpg,G1,07.01.2014,22.04.2029,0.9856891632080078,0
374017.jpg,G,14.02.2017,22.04.2029,0.981917679309845,0
374017.jpg,J,,,0.0,0
374016.jpg,A1,22.12.2017,22.12.2025,0.998163104057312,0
374016.jpg,A,22.12.2017,22.12.2025,0.9983251690864563,0
374016.jpg,B1,22.12.2017,22.12.2025,0.993915319442749,0
374016.jpg,B,22.12.2017,22.12.2025,0.9896416068077087,0
374016.jpg,C1,,,0.9935849905014038,0
374016.jpg,C,,,0.8383885622024536,0
374016.jpg,CE,,,0.9977560043334961,0
374016.jpg,D1,,,0.9963531494140625,0
374016.jpg,D,,,0.9559398293495178,0
374016.jpg,DE,,,0.9974071979522705,0
374016.jpg,G1,22.12.2017,22.12.2025,0.9984720945358276,0
374016.jpg,G,,,0.9975390434265137,0
374016.jpg,J,,,0.9868038296699524,0
373994.jpg,A1,,,0.9623599052429199,0
373994.jpg,A,19.07.2017,19.07.2025,0.9972589015960693,0
373994.jpg,B1,13.09.2017,13.09.2025,0.7629448175430298,0
373994.jpg,B,21.08.2017,21.08.2025,0.9396879076957703,0
373994.jpg,C1,,,0.7134596109390259,0
373994.jpg,C,,,0.8082639575004578,0
373994.jpg,CE,,,0.9888647198677063,0
373994.jpg,D1,,,0.9759770631790161,0
373994.jpg,D,,,0.9942954182624817,0
373994.jpg,DE,,,0.9984074831008911,0
373994.jpg,G1,21.08.2017,21.08.2025,0.9868696928024292,0
373994.jpg,G,,,0.9940916895866394,0
373994.jpg,J,,,0.833361804485321,0
373825.jpg,A1,11.12.2020,11.12.2028,0.9939978122711182,0
373825.jpg,A,11.12.2020,11.12.2028,0.9991344809532166,0
373825.jpg,B1,11.12.2020,11.12.2028,0.9838007688522339,0
373825.jpg,B,11.12.2020,11.12.2028,0.9854241013526917,0
373825.jpg,C1,,,0.9964469075202942,0
373825.jpg,C,,,0.8166848421096802,0
373825.jpg,CE,,,0.9973188638687134,0
373825.jpg,D1,,,0.9980102777481079,0
373825.jpg,D,,,0.9975408315658569,0
373825.jpg,DE,,,0.9980159997940063,0
373825.jpg,G1,11.12.2020,11.12.2028,0.9984316229820251,0
373825.jpg,G,,,0.9973055124282837,0
373825.jpg,J,,,0.992659866809845,0
373702.jpg,A1,01.01.2020,01.01.2028,0.998687744140625,270
373702.jpg,A,01.01.2020,01.01.2028,0.9994245767593384,270
373702.jpg,B1,,,0.994449257850647,270
373702.jpg,B,01.01.2020,01.01.2028,0.9914347529411316,270
373702.jpg,C1,,,0.9968778491020203,270
373702.jpg,C,,,0.8169081807136536,270
373702.jpg,CE,,,0.9967999458312988,270
373702.jpg,D1,,,0.9979378581047058,270
373702.jpg,D,,,0.997338593006134,270
373702.jpg,DE,,,0.998404860496521,270
373702.jpg,G1,01.01.2020,01.01.2028,0.997519850730896,270
373702.jpg,G,,,0.9965734481811523,270
373702.jpg,J,,,0.9870890974998474,270
373465.jpg,A1,18.02.2021,18.02.2029,0.9978245496749878,0
373465.jpg,A,18.02.2021,18.02.2029,0.9992684721946716,0
373465.jpg,B1,18.02.2021,18.02.2029,0.8761130571365356,0
373465.jpg,B,06.07.2021,06.07.2029,0.9949771761894226,0
373465.jpg,C1,,,0.995765745639801,0
373465.jpg,C,,,0.8053010106086731,0
373465.jpg,CE,,,0.9968345165252686,0
373465.jpg,D1,,,0.9949371814727783,0
373465.jpg,D,,,0.9968275427818298,0
373465.jpg,DE,,,0.9969580173492432,0
373465.jpg,G1,06.07.2021,06.07.2029,0.9975883960723877,0
373465.jpg,G,,,0.9964062571525574,0
373465.jpg,J,,,0.9448509812355042,0
372199.jpg,A1,,,0.9987833499908447,270
372199.jpg,A,,,0.9995325803756714,270
372199.jpg,B1,06.07.2000,16.08.2026,0.9857687950134277,270
372199.jpg,B,,,0.0,270
372199.jpg,C1,,,0.9862297177314758,270
372199.jpg,C,,,0.8640561699867249,270
372199.jpg,CE,,,0.9962514042854309,270
372199.jpg,D1,,,0.9969745874404907,270
372199.jpg,D,,,0.0,270
372199.jpg,DE,,,0.9987653493881226,270
372199.jpg,G1,06.07.2000,16.08.2026,0.9984870553016663,270
372199.jpg,G,,,0.9949116110801697,270
372199.jpg,J,,,0.9816007614135742,270
371700.jpg,A1,06.09.2010,12.05.2028,0.9977858066558838,90
371700.jpg,A,06.09.2010,12.05.2028,0.9994493126869202,90
371700.jpg,B1,14.07.2010,12.05.2028,0.9959064722061157,90
371700.jpg,B,,,0.0,90
371700.jpg,C1,,,0.9902129173278809,90
371700.jpg,C,,,0.8288776278495789,90
371700.jpg,CE,,,0.997356653213501,90
371700.jpg,D1,,,0.9949660301208496,90
371700.jpg,D,,,0.9969832301139832,90
371700.jpg,DE,,,0.9986405372619629,90
371700.jpg,G1,06.09.2010,12.05.2028,0.9973676204681396,90
371700.jpg,G,,,0.9963245987892151,90
371700.jpg,J,,,0.9824800491333008,90
371548.jpg,A1,10.03.2017,10.03.2025,0.9990631341934204,0
371548.jpg,A,10.03.2017,10.03.2025,0.9992528557777405,0
371548.jpg,B1,17.10.2023,17.10.2031,0.9960085153579712,0
371548.jpg,B,17.10.2023,17.10.2031,0.9875876307487488,0
371548.jpg,C1,,,0.9957998394966125,0
371548.jpg,C,,,0.8220918774604797,0
371548.jpg,CE,,,0.9970932006835938,0
371548.jpg,D1,,,0.9973725080490112,0
371548.jpg,D,,,0.9965057373046875,0
371548.jpg,DE,,,0.9978611469268799,0
371548.jpg,G1,10.03.2017,10.03.2025,0.9982935190200806,0
371548.jpg,G,,,0.996556282043457,0
371548.jpg,J,,,0.9886882901191711,0
371021.jpg,A1,,,0.0,180
371021.jpg,A,,,0.0,180
371021.jpg,B1,,,0.0,180
371021.jpg,B,,,0.0,180
371021.jpg,C1,,,0.0,180
371021.jpg,C,,,0.0,180
371021.jpg,CE,,,0.0,180
371021.jpg,D1,,,0.0,180
371021.jpg,D,,,0.0,180
371021.jpg,DE,,,0.0,180
371021.jpg,G1,,,0.0,180
371021.jpg,G,,,0.0,180
371021.jpg,J,,,0.0,180
370443.jpg,A1,14.05.1985,26.05.2030,0.9952876567840576,180
370443.jpg,A,14.05.1985,26.05.2030,0.9989086389541626,180
370443.jpg,B1,14.11.1994,26.05.2030,0.9679343700408936,180
370443.jpg,B,14.11.1994,26.05.2030,0.9832271337509155,180
370443.jpg,C1,14.11.1994,26.05.2026,0.9933128356933594,180
370443.jpg,C,14.11.1994,26.05.2026,0.795114278793335,180
370443.jpg,CE,14.11.1994,26.05.2026,0.9970055818557739,180
370443.jpg,D1,14.11.1994,26.05.2026,0.9936359524726868,180
370443.jpg,D,,,0.0,180
370443.jpg,DE,,,0.9987099170684814,180
370443.jpg,G1,14.05.1985,26.05.2030,0.99470055103302,180
370443.jpg,G,14.11.1994,26.05.2030,0.9960907101631165,180
370443.jpg,J,14.11.1994,26.05.2026,0.9643321633338928,180
370107.jpg,A1,24.02.2022,24.02.2030,0.9674043655395508,0
370107.jpg,A,,,0.998581051826477,0
370107.jpg,B1,24.02.2022,24.02.2030,0.9660384654998779,0
370107.jpg,B,,,0.981080949306488,0
370107.jpg,C1,,,0.9912285208702087,0
370107.jpg,C,,,0.7724754810333252,0
370107.jpg,CE,,,0.996292233467102,0
370107.jpg,D1,,,0.9973770380020142,0
370107.jpg,D,,,0.9947709441184998,0
370107.jpg,DE,24.02.2022,24.02.2030,0.9976080656051636,0
370107.jpg,G1,,,0.9962228536605835,0
370107.jpg,G,,,0.9932679533958435,0
370107.jpg,J,,,0.9929744005203247,0
368848.jpg,A1,08.03.2021,08.03.2029,0.9979737997055054,270
368848.jpg,A,08.03.2021,08.03.2029,0.9633387327194214,270
368848.jpg,B1,,,0.9938125610351562,270
368848.jpg,B,08.03.2021,08.03.2029,0.992367684841156,270
368848.jpg,C1,,,0.9927015900611877,270
368848.jpg,C,,,0.9065026640892029,270
368848.jpg,CE,,,0.9938316345214844,270
368848.jpg,D1,,,0.9976991415023804,270
368848.jpg,D,,,0.9971222281455994,270
368848.jpg,DE,,,0.9980278611183167,270
368848.jpg,G1,08.03.2021,08.03.2029,0.9977383613586426,270
368848.jpg,G,,,0.9963319897651672,270
368848.jpg,J,,,0.9718852639198303,270
366842.jpg,A1,27.04.2021,27.04.2029,0.9598283171653748,0
366842.jpg,A,,,0.0,0
366842.jpg,B1,,,0.0,0
366842.jpg,B,,,0.0,0
366842.jpg,C1,,,0.0,0
366842.jpg,C,,,0.0,0
366842.jpg,CE,,,0.0,0
366842.jpg,D1,,,0.0,0
366842.jpg,D,,,0.0,0
366842.jpg,DE,,,0.0,0
366842.jpg,G1,,,0.0,0
366842.jpg,G,,,0.0,0
366842.jpg,J,,,0.0,0
359427.jpg,A1,,,0.0,0
359427.jpg,A,20.06.2022,20.06.2030,0.8778004050254822,0
359427.jpg,B1,,,0.0,0
359427.jpg,B,,,0.0,0
359427.jpg,C1,,,0.0,0
359427.jpg,C,,,0.0,0
359427.jpg,CE,,,0.0,0
359427.jpg,D1,,,0.0,0
359427.jpg,D,,,0.0,0
359427.jpg,DE,,,0.0,0
359427.jpg,G1,,,0.0,0
359427.jpg,G,,,0.0,0
359427.jpg,J,,,0.0,0
358119.jpg,A1,04.09.2020,04.09.2028,0.9987167119979858,270
358119.jpg,A,,,0.0,270
358119.jpg,B1,04.09.2020,04.09.2028,0.9938849210739136,270
358119.jpg,B,04.09.2020,04.09.2028,0.992790937423706,270
358119.jpg,C1,,,0.9939169883728027,270
358119.jpg,C,,,0.8970314860343933,270
358119.jpg,CE,,,0.9971388578414917,270
358119.jpg,D1,,,0.9967632293701172,270
358119.jpg,D,,,0.9971011281013489,270
358119.jpg,DE,,,0.9990187883377075,270
358119.jpg,G1,04.09.2020,04.09.2028,0.9969426393508911,270
358119.jpg,G,,,0.9960766434669495,270
358119.jpg,J,,,0.0,270
357504.jpg,A1,14.03.2017,14.03.2025,0.9876048564910889,0
357504.jpg,A,14.03.2017,14.03.2025,0.999167799949646,0
357504.jpg,B1,,,0.9775412082672119,0
357504.jpg,B,14.03.2017,14.03.2025,0.9870973825454712,0
357504.jpg,C1,,,0.983603298664093,0
357504.jpg,C,,,0.8391823172569275,0
357504.jpg,CE,,,0.9967783689498901,0
357504.jpg,D1,,,0.9977576732635498,0
357504.jpg,D,,,0.9954647421836853,0
357504.jpg,DE,,,0.9988425970077515,0
357504.jpg,G1,14.03.2017,14.03.2025,0.9972816705703735,0
357504.jpg,G,,,0.9955925345420837,0
357504.jpg,J,,,0.9880736470222473,0
357029.jpg,A1,30.01.2015,11.04.2031,0.997412919998169,90
357029.jpg,A,30.01.2015,11.04.2031,0.9994057416915894,90
357029.jpg,B1,,,0.0,90
357029.jpg,B,,,0.0,90
357029.jpg,C1,,,0.0,90
357029.jpg,C,,,0.7680050134658813,90
357029.jpg,CE,,,0.9958980083465576,90
357029.jpg,D1,,,0.9974647760391235,90
357029.jpg,D,,,0.9968311190605164,90
357029.jpg,DE,,,0.9983221292495728,90
357029.jpg,G1,30.01.2015,11.04.2031,0.9114587306976318,90
357029.jpg,G,,,0.9896959066390991,90
357029.jpg,J,,,0.9879196882247925,90
351119.jpg,A1,07.04.2011,,0.9731627106666565,0
351119.jpg,A,07.04.2011,,0.9940584897994995,0
351119.jpg,B1,,,0.7319941520690918,0
351119.jpg,B,07.04.2011,,0.8751515746116638,0
351119.jpg,C1,07.04.2011,15.03.2021,0.9937595129013062,0
351119.jpg,C,,,0.0,0
351119.jpg,CE,,,0.9960601329803467,0
351119.jpg,D1,07.04.2011,15.03.2021,0.9955111742019653,0
351119.jpg,D,07.04.2011,15.03.2021,0.9927288889884949,0
351119.jpg,DE,,,0.9988325238227844,0
351119.jpg,G1,30.10.2006,,0.9971332550048828,0
351119.jpg,G,07.04.2011,15.03.2025,0.9898936152458191,0
351119.jpg,J,07.04.2011,15.03.2021,0.9726489782333374,0
350402.jpg,A1,06.09.2016,06.09.2024,0.9872713685035706,270
350402.jpg,A,06.09.2016,06.09.2024,0.9980782270431519,270
350402.jpg,B1,06.09.2016,06.09.2024,0.8251975178718567,270
350402.jpg,B,,,0.8798088431358337,270
350402.jpg,C1,,,0.8357006311416626,270
350402.jpg,C,,,0.7980157136917114,270
350402.jpg,CE,,,0.9949429035186768,270
350402.jpg,D1,,,0.9880476593971252,270
350402.jpg,D,,,0.9904299378395081,270
350402.jpg,DE,,,0.998125433921814,270
350402.jpg,G1,06.09.2016,05.09.2024,0.9693772792816162,270
350402.jpg,G,,,0.9878551363945007,270
350402.jpg,J,,,0.9800557494163513,270
346307.jpg,A1,12.08.2020,12.08.2028,0.6945779919624329,0
346307.jpg,A,,,0.0,0
346307.jpg,B1,,,0.0,0
346307.jpg,B,,,0.0,0
346307.jpg,C1,,,0.0,0
346307.jpg,C,,,0.0,0
346307.jpg,CE,,,0.0,0
346307.jpg,D1,,,0.0,0
346307.jpg,D,,,0.0,0
346307.jpg,DE,,,0.0,0
346307.jpg,G1,12.08.2020,12.08.2028,0.885961651802063,0
346307.jpg,G,,,0.0,0
346307.jpg,J,,,0.0,0
345094.jpg,A1,25.06.2012,08.09.2028,0.99805748462677,0
345094.jpg,A,25.06.2012,08.09.2028,0.9985254406929016,0
345094.jpg,B1,25.06.2012,08.09.2028,0.9887855052947998,0
345094.jpg,B,18.05.2006,08.09.2028,0.9773170351982117,0
345094.jpg,C1,25.06.2012,08.09.2024,0.9514330625534058,0
345094.jpg,C,25.06.2012,08.09.2024,0.8312967419624329,0
345094.jpg,CE,,,0.9945058226585388,0
345094.jpg,D1,25.06.2012,08.09.2024,0.9956997632980347,0
345094.jpg,D,25.06.2012,08.09.2024,0.9946723580360413,0
345094.jpg,DE,,,0.9976398944854736,0
345094.jpg,G1,18.05.2006,08.09.2028,0.9969321489334106,0
345094.jpg,G,25.06.2012,08.09.2028,0.9960615038871765,0
345094.jpg,J,25.06.2012,08.09.2024,0.981715977191925,0
343838.jpg,A1,31.05.2012,01.02.2029,0.9982125163078308,90
343838.jpg,A,31.05.2012,01.02.2029,0.9989026784896851,90
343838.jpg,B1,31.05.2012,01.02.2029,0.9967357516288757,90
343838.jpg,B,12.01.2021,01.02.2029,0.992751955986023,90
343838.jpg,C1,,,0.9963023662567139,90
343838.jpg,C,,,0.8107404112815857,90
343838.jpg,CE,,,0.9961401224136353,90
343838.jpg,D1,,,0.9979673624038696,90
343838.jpg,D,,,0.997606635093689,90
343838.jpg,DE,,,0.9984570741653442,90
343838.jpg,G1,31.05.2012,01.02.2029,0.9987531900405884,90
343838.jpg,G,,,0.9972992539405823,90
343838.jpg,J,,,0.9568206071853638,90
343681.jpg,A1,31.07.2020,31.07.2028,0.9955556392669678,270
343681.jpg,A,31.07.2020,31.07.2028,0.9988616704940796,270
343681.jpg,B1,31.07.2020,31.07.2028,0.9891173243522644,270
343681.jpg,B,19.08.2020,19.08.2028,0.9819329380989075,270
343681.jpg,C1,,,0.9973381161689758,270
343681.jpg,C,,,0.7734683752059937,270
343681.jpg,CE,,,0.9945217967033386,270
343681.jpg,D1,,,0.9971233606338501,270
343681.jpg,D,,,0.9967318773269653,270
343681.jpg,DE,,,0.9987665414810181,270
343681.jpg,G1,19.08.2020,19.08.2028,0.9960483312606812,270
343681.jpg,G,,,0.9929392337799072,270
343681.jpg,J,,,0.8122305274009705,270
341581.jpg,A1,24.05.2016,24.05.2024,0.9986810684204102,0
341581.jpg,A,24.05.2016,24.05.2024,0.9995042085647583,0
341581.jpg,B1,,,0.9971067905426025,0
341581.jpg,B,,,0.9901760220527649,0
341581.jpg,C1,,,0.9968400001525879,0
341581.jpg,C,,,0.7892217636108398,0
341581.jpg,CE,,,0.9975618124008179,0
341581.jpg,D1,,,0.9978611469268799,0
341581.jpg,D,,,0.9974823594093323,0
341581.jpg,DE,,,0.9988157749176025,0
341581.jpg,G1,24.05.2016,24.05.2024,0.9982273578643799,0
341581.jpg,G,,,0.9963483214378357,0
341581.jpg,J,,,0.9829115867614746,0
33384.jpg,A1,,,0.986990749835968,270
33384.jpg,A,14.06.2012,24.08.2028,0.9990280866622925,270
33384.jpg,B1,07.02.2005,24.08.2028,0.9939563274383545,270
33384.jpg,B,14.06.2012,24.08.2028,0.9908437728881836,270
33384.jpg,C1,,,0.8276728391647339,270
33384.jpg,C,14.06.2012,,0.9895144701004028,270
33384.jpg,CE,,,0.9733821153640747,270
33384.jpg,D1,,,0.997789740562439,270
33384.jpg,D,,,0.9959291815757751,270
33384.jpg,DE,,,0.9986567497253418,270
33384.jpg,G1,07.02.2005,24.08.2028,0.9968791007995605,270
33384.jpg,G,,,0.9967607855796814,270
33384.jpg,J,,,0.9535297155380249,270
332396.jpg,A1,11.03.2016,11.03.2024,0.9967511296272278,270
332396.jpg,A,31.05.2017,31.05.2025,0.9995042085647583,270
332396.jpg,B1,31.05.2017,31.05.2025,0.9970079660415649,270
332396.jpg,B,,,0.9908156394958496,270
332396.jpg,C1,,,0.9924395084381104,270
332396.jpg,C,,,0.8203854560852051,270
332396.jpg,CE,,,0.9964932203292847,270
332396.jpg,D1,,,0.9978781938552856,270
332396.jpg,D,,,0.9971831440925598,270
332396.jpg,DE,,,0.9987055063247681,270
332396.jpg,G1,11.03.2016,11.03.2024,0.9976128339767456,270
332396.jpg,G,,,0.9958472847938538,270
332396.jpg,J,,,0.785085916519165,270
331520.jpg,A1,27.12.2016,27.12.2024,0.9977988004684448,0
331520.jpg,A,27.12.2016,27.12.2024,0.9992864727973938,0
331520.jpg,B1,21.02.2018,21.02.2026,0.9894112944602966,0
331520.jpg,B,,,0.0,0
331520.jpg,C1,,,0.9858142137527466,0
331520.jpg,C,,,0.8595876693725586,0
331520.jpg,CE,,,0.9973853826522827,0
331520.jpg,D1,,,0.9964170455932617,0
331520.jpg,D,,,0.9924715757369995,0
331520.jpg,DE,,,0.9984146356582642,0
331520.jpg,G1,27.12.2016,27.12.2024,0.9973258972167969,0
331520.jpg,G,,,0.9945353269577026,0
331520.jpg,J,,,0.978663444519043,0
330521.jpg,A1,20.01.2003,,0.9347658157348633,0
330521.jpg,A,,,0.0,0
330521.jpg,B1,28.01.2003,,0.9884775280952454,0
330521.jpg,B,25.02.2021,25.02.2029,0.9804432392120361,0
330521.jpg,C1,,,0.0,0
330521.jpg,C,,,0.0,0
330521.jpg,CE,,,0.0,0
330521.jpg,D1,,,0.0,0
330521.jpg,D,,,0.0,0
330521.jpg,DE,,,0.0,0
330521.jpg,G1,,,0.0,0
330521.jpg,G,,,0.0,0
330521.jpg,J,,,0.0,0
330239.jpg,A1,20.01.2011,,0.9747454524040222,0
330239.jpg,A,,,0.0,0
330239.jpg,B1,,,0.0,0
330239.jpg,B,,,0.0,0
330239.jpg,C1,,,0.0,0
330239.jpg,C,,,0.0,0
330239.jpg,CE,,,0.0,0
330239.jpg,D1,,,0.0,0
330239.jpg,D,,,0.0,0
330239.jpg,DE,,,0.0,0
330239.jpg,G1,,,0.0,0
330239.jpg,G,,,0.0,0
330239.jpg,J,,,0.0,0
328525.jpg,A1,08.05.1996,01.11.2026,0.9985336065292358,270
328525.jpg,A,08.05.1996,01.11.2026,0.9993552565574646,270
328525.jpg,B1,08.05.1996,01.11.2026,0.9947839379310608,270
328525.jpg,B,08.05.1996,01.11.2026,0.9905815124511719,270
328525.jpg,C1,08.05.1996,01.11.2022,0.9937105178833008,270
328525.jpg,C,08.05.1996,01.11.2022,0.8242562413215637,270
328525.jpg,CE,08.05.1996,01.11.2022,0.9972401261329651,270
328525.jpg,D1,08.05.1996,01.11.2022,0.9938450455665588,270
328525.jpg,D,08.05.1996,01.11.2022,0.9779987335205078,270
328525.jpg,DE,,,0.9983259439468384,270
328525.jpg,G1,08.05.1996,01.11.2026,0.9955925941467285,270
328525.jpg,G,08.05.1996,01.11.2026,0.9966261386871338,270
328525.jpg,J,08.05.1996,01.11.2022,0.9693766236305237,270
328081.jpg,A1,13.12.2005,28.03.2027,0.9869496822357178,0
328081.jpg,A,13.12.2005,28.03.2027,0.986390233039856,0
328081.jpg,B1,04.03.1993,28.03.2027,0.903715968132019,0
328081.jpg,B,04.03.1993,28.03.2027,0.9622354507446289,0
328081.jpg,C1,04.03.1993,28.03.2023,0.9867211580276489,0
328081.jpg,C,04.03.1993,28.03.2023,0.8239472508430481,0
328081.jpg,CE,04.03.1993,28.03.2023,0.9972264766693115,0
328081.jpg,D1,04.03.1993,28.03.2023,0.9953857660293579,0
328081.jpg,D,04.03.1993,28.03.2023,0.9973980188369751,0
328081.jpg,DE,,,0.997551679611206,0
328081.jpg,G1,04.03.1993,28.03.2027,0.9969624280929565,0
328081.jpg,G,04.03.1993,28.03.2023,0.9965513944625854,0
328081.jpg,J,,,0.9436039328575134,0
324494.jpg,A1,,,0.9981271028518677,0
324494.jpg,A,24.03.2017,24.03.2025,0.999440610408783,0
324494.jpg,B1,24.03.2017,24.03.2025,0.9966528415679932,0
324494.jpg,B,24.03.2017,24.03.2025,0.9930836260318756,0
324494.jpg,C1,,,0.9945902824401855,0
324494.jpg,C,,,0.8499403595924377,0
324494.jpg,CE,,,0.9976075887680054,0
324494.jpg,D1,,,0.9983864426612854,0
324494.jpg,D,,,0.9965165853500366,0
324494.jpg,DE,,,0.9987753629684448,0
324494.jpg,G1,24.03.2017,24.03.2025,0.9981124997138977,0
324494.jpg,G,,,0.9942070245742798,0
324494.jpg,J,,,0.9733553528785706,0
323267.jpg,A1,06.08.2012,12.10.2028,0.9983381628990173,0
323267.jpg,A,,,0.9991050362586975,0
323267.jpg,B1,,,0.9931702613830566,0
323267.jpg,B,06.08.2012,12.10.2028,0.9716936349868774,0
323267.jpg,C1,,,0.9942865371704102,0
323267.jpg,C,,,0.8084563612937927,0
323267.jpg,CE,,,0.9976984262466431,0
323267.jpg,D1,,,0.9978240132331848,0
323267.jpg,D,,,0.997475802898407,0
323267.jpg,DE,,,0.9990489482879639,0
323267.jpg,G1,06.08.2012,12.10.2028,0.9971811771392822,0
323267.jpg,G,,,0.9954832792282104,0
323267.jpg,J,,,0.9857200980186462,0
312098.jpg,A1,21.06.2019,21.06.2027,0.9571709632873535,90
312098.jpg,A,21.06.2010,,0.9248417019844055,90
312098.jpg,B1,,,0.0,90
312098.jpg,B,,,0.0,90
312098.jpg,C1,,,0.0,90
312098.jpg,C,,,0.0,90
312098.jpg,CE,,,0.0,90
312098.jpg,D1,,,0.0,90
312098.jpg,D,,,0.0,90
312098.jpg,DE,,,0.9987821578979492,90
312098.jpg,G1,21.06.2019,21.06.2027,0.9821139574050903,90
312098.jpg,G,,,0.9895837903022766,90
312098.jpg,J,,,0.9484289884567261,90
310824.jpg,A1,12.10.2012,05.01.2029,0.9949504137039185,270
310824.jpg,A,12.10.2012,,0.9851970672607422,270
310824.jpg,B1,12.10.2012,05.01.2029,0.9727137684822083,270
310824.jpg,B,12.10.2012,05.01.2029,0.7487174868583679,270
310824.jpg,C1,,,0.9809545278549194,270
310824.jpg,C,,,0.813480794429779,270
310824.jpg,CE,,,0.9966543912887573,270
310824.jpg,D1,,,0.9952565431594849,270
310824.jpg,D,,,0.9961929321289062,270
310824.jpg,DE,,,0.9979454874992371,270
310824.jpg,G1,12.10.2012,05.01.2029,0.9967567920684814,270
310824.jpg,G,,,0.9951844811439514,270
310824.jpg,J,,,0.9380922913551331,270
310560.jpg,A1,15.02.1990,08.09.2025,0.9974028468132019,0
310560.jpg,A,15.02.1990,08.09.2025,0.9989687204360962,0
310560.jpg,B1,09.08.1993,08.09.2025,0.9925912618637085,0
310560.jpg,B,15.02.1990,08.09.2025,0.9778984189033508,0
310560.jpg,C1,09.08.1993,08.09.2021,0.9968892335891724,0
310560.jpg,C,09.08.1993,08.09.2021,0.824638843536377,0
310560.jpg,CE,09.08.1993,08.09.2021,0.9968703985214233,0
310560.jpg,D1,09.08.1993,06.09.2021,0.9959597587585449,0
310560.jpg,D,09.08.1993,08.09.2021,0.9969165325164795,0
310560.jpg,DE,,,0.0,0
310560.jpg,G1,15.02.1990,08.09.2025,0.9966362714767456,0
310560.jpg,G,09.08.1993,08.09.2025,0.9951558113098145,0
310560.jpg,J,09.08.1993,,0.9931581616401672,0
308766.jpg,A1,27.12.2019,27.12.2027,0.998731791973114,270
308766.jpg,A,27.12.2019,27.12.2027,0.9991926550865173,270
308766.jpg,B1,27.12.2019,27.12.2027,0.9872131943702698,270
308766.jpg,B,06.02.2020,06.02.2028,0.990874171257019,270
308766.jpg,C1,,,0.9977145195007324,270
308766.jpg,C,,,0.8313866257667542,270
308766.jpg,CE,,,0.9976228475570679,270
308766.jpg,D1,,,0.9978492259979248,270
308766.jpg,D,,,0.9974954724311829,270
308766.jpg,DE,,,0.9988963603973389,270
308766.jpg,G1,06.02.2020,06.02.2028,0.9981206655502319,270
308766.jpg,G,,,0.9966572523117065,270
308766.jpg,J,,,0.9761399626731873,270
306985.jpg,A1,,,0.998154878616333,270
306985.jpg,A,18.01.2022,18.01.2030,0.9994126558303833,270
306985.jpg,B1,18.01.2022,18.01.2030,0.9858512282371521,270
306985.jpg,B,18.01.2022,18.01.2030,0.9921060800552368,270
306985.jpg,C1,,,0.9932034611701965,270
306985.jpg,C,,,0.7954274415969849,270
306985.jpg,CE,,,0.99641352891922,270
306985.jpg,D1,,,0.9978765249252319,270
306985.jpg,D,,,0.9972423315048218,270
306985.jpg,DE,,,0.998585045337677,270
306985.jpg,G1,18.01.2022,18.01.2030,0.9979233741760254,270
306985.jpg,G,,,0.9942902326583862,270
306985.jpg,J,,,0.9493807554244995,270
305314.jpg,A1,08.03.2019,08.03.2027,0.9937981367111206,270
305314.jpg,A,08.03.2019,08.03.2027,0.998981773853302,270
305314.jpg,B1,08.03.2019,08.03.2027,0.9901738166809082,270
305314.jpg,B,08.03.2019,08.03.2027,0.9872028231620789,270
305314.jpg,C1,,,0.9949551820755005,270
305314.jpg,C,,,0.7547686696052551,270
305314.jpg,CE,,,0.9972455501556396,270
305314.jpg,D1,,,0.9976694583892822,270
305314.jpg,D,,,0.9969143867492676,270
305314.jpg,DE,,,0.9987030029296875,270
305314.jpg,G1,08.03.2019,08.03.2027,0.9979445338249207,270
305314.jpg,G,,,0.9960401058197021,270
305314.jpg,J,,,0.983720064163208,270
301173.jpg,A1,01.04.2021,01.04.2029,0.9978365302085876,0
301173.jpg,A,01.04.2021,01.04.2029,0.9993014335632324,0
301173.jpg,B1,01.04.2021,01.04.2029,0.9964509010314941,0
301173.jpg,B,01.04.2021,01.04.2029,0.9808886647224426,0
301173.jpg,C1,,,0.9878851175308228,0
301173.jpg,C,,,0.8239460587501526,0
301173.jpg,CE,,,0.9964033365249634,0
301173.jpg,D1,,,0.9971545338630676,0
301173.jpg,D,,,0.9962395429611206,0
301173.jpg,DE,,,0.9984562397003174,0
301173.jpg,G1,01.04.2021,01.04.2029,0.9918439388275146,0
301173.jpg,G,,,0.9957085847854614,0
301173.jpg,J,,,0.977200984954834,0
300180.jpg,A1,10.08.2018,10.08.2026,0.9987245798110962,270
300180.jpg,A,,,0.0,270
300180.jpg,B1,,,0.0,270
300180.jpg,B,,,0.0,270
300180.jpg,C1,,,0.0,270
300180.jpg,C,,,0.0,270
300180.jpg,CE,,,0.9934482574462891,270
300180.jpg,D1,,,0.9941228032112122,270
300180.jpg,D,,,0.0,270
300180.jpg,DE,,,0.9951972961425781,270
300180.jpg,G1,10.08.2018,10.08.2026,0.9952602386474609,270
300180.jpg,G,,,0.9973176121711731,270
300180.jpg,J,,,0.0,270
298990.jpg,A1,24.09.2010,31.10.2026,0.9987273216247559,270
298990.jpg,A,24.09.2010,31.10.2026,0.9991499185562134,270
298990.jpg,B1,,,0.9973646402359009,270
298990.jpg,B,,,0.991688072681427,270
298990.jpg,C1,,,0.9938206672668457,270
298990.jpg,C,,,0.8543731570243835,270
298990.jpg,CE,,,0.9969533085823059,270
298990.jpg,D1,,,0.9984246492385864,270
298990.jpg,D,,,0.997590184211731,270
298990.jpg,DE,,,0.9987977147102356,270
298990.jpg,G1,24.09.2010,31.10.2026,0.9987553954124451,270
298990.jpg,G,,,0.9962509274482727,270
298990.jpg,J,,,0.0,270
292329.jpg,A1,25.10.2002,28.06.2027,0.9959614276885986,0
292329.jpg,A,25.10.2002,28.06.2027,0.9989472031593323,0
292329.jpg,B1,30.05.2011,28.06.2027,0.9872304797172546,0
292329.jpg,B,30.05.2011,28.06.2027,0.9909335374832153,0
292329.jpg,C1,,,0.9950016736984253,0
292329.jpg,C,,,0.7830842733383179,0
292329.jpg,CE,,,0.9976868629455566,0
292329.jpg,D1,,,0.9964362978935242,0
292329.jpg,D,,,0.9970341920852661,0
292329.jpg,DE,,,0.9982593059539795,0
292329.jpg,G1,25.10.2002,28.06.2027,0.9967983961105347,0
292329.jpg,G,,,0.9936783909797668,0
292329.jpg,J,,,0.9754344820976257,0
287270.jpg,A1,05.06.2018,05.06.2026,0.9933587312698364,0
287270.jpg,A,,,0.0,0
287270.jpg,B1,,,0.0,0
287270.jpg,B,,,0.0,0
287270.jpg,C1,,,0.0,0
287270.jpg,C,,,0.0,0
287270.jpg,CE,,,0.9960078597068787,0
287270.jpg,D1,,,0.9973527193069458,0
287270.jpg,D,,,0.0,0
287270.jpg,DE,,,0.9985429048538208,0
287270.jpg,G1,05.06.2018,05.06.2026,0.9968533515930176,0
287270.jpg,G,,,0.9976098537445068,0
287270.jpg,J,,,0.9752938747406006,0
280764.jpg,A1,04.01.2011,30.03.2027,0.9972665309906006,0
280764.jpg,A,04.01.2011,30.03.2027,0.9991342425346375,0
280764.jpg,B1,04.01.2011,30.03.2027,0.9919916391372681,0
280764.jpg,B,04.01.2011,30.03.2027,0.9846428036689758,0
280764.jpg,C1,,,0.9937787652015686,0
280764.jpg,C,,,0.7982107400894165,0
280764.jpg,CE,,,0.9970675706863403,0
280764.jpg,D1,,,0.99598228931427,0
280764.jpg,D,,,0.9979369640350342,0
280764.jpg,DE,,,0.0,0
280764.jpg,G1,,,0.0,0
280764.jpg,G,,,0.0,0
280764.jpg,J,,,0.0,0
275083.jpg,A1,28.04.2021,28.04.2029,0.9749139547348022,0
275083.jpg,A,,,0.0,0
275083.jpg,B1,,,0.0,0
275083.jpg,B,,,0.0,0
275083.jpg,C1,,,0.0,0
275083.jpg,C,,,0.0,0
275083.jpg,CE,,,0.0,0
275083.jpg,D1,,,0.0,0
275083.jpg,D,,,0.0,0
275083.jpg,DE,,,0.0,0
275083.jpg,G1,,,0.0,0
275083.jpg,G,,,0.0,0
275083.jpg,J,,,0.0,0
268604.jpg,A1,,,0.0,270
268604.jpg,A,,,0.0,270
268604.jpg,B1,,,0.0,270
268604.jpg,B,,,0.0,270
268604.jpg,C1,,,0.0,270
268604.jpg,C,,,0.0,270
268604.jpg,CE,,,0.0,270
268604.jpg,D1,,,0.0,270
268604.jpg,D,,,0.0,270
268604.jpg,DE,,,0.0,270
268604.jpg,G1,,,0.0,270
268604.jpg,G,,,0.0,270
268604.jpg,J,,,0.0,270
263573.jpg,A1,17.01.2019,17.01.2027,0.9855350255966187,0
263573.jpg,A,,,0.0,0
263573.jpg,B1,,,0.0,0
263573.jpg,B,,,0.0,0
263573.jpg,C1,,,0.0,0
263573.jpg,C,,,0.0,0
263573.jpg,CE,,,0.0,0
263573.jpg,D1,,,0.0,0
263573.jpg,D,,,0.0,0
263573.jpg,DE,,,0.984143078327179,0
263573.jpg,G1,,,0.0,0
263573.jpg,G,7.01.2019,07.01.2027,0.7273766994476318,0
263573.jpg,J,,,0.0,0
244413.jpg,A1,07.08.2003,13.02.2028,0.9980853796005249,270
244413.jpg,A,07.08.2003,13.02.2028,0.9987238049507141,270
244413.jpg,B1,18.07.2005,13.02.2028,0.97584068775177,270
244413.jpg,B,07.08.2003,13.02.2028,0.9643959403038025,270
244413.jpg,C1,18.07.2005,13.02.2024,0.9916026592254639,270
244413.jpg,C,18.07.2005,13.02.2024,0.7549853324890137,270
244413.jpg,CE,18.07.2005,13.02.2024,0.996310830116272,270
244413.jpg,D1,18.07.2005,13.02.2024,0.9963381290435791,270
244413.jpg,D,18.07.2005,13.02.2024,0.9962252378463745,270
244413.jpg,DE,,,0.9984816312789917,270
244413.jpg,G1,07.08.2003,13.02.2028,0.9970596432685852,270
244413.jpg,G,18.07.2005,13.02.2028,0.9958624839782715,270
244413.jpg,J,18.07.2005,13.02.2024,0.9794871211051941,270
241654.jpg,A1,17.06.2017,17.06.2025,0.9965919852256775,0
241654.jpg,A,17.06.2017,17.06.2025,0.9586154222488403,0
241654.jpg,B1,17.06.2017,17.06.2025,0.7606359720230103,0
241654.jpg,B,17.06.2017,17.06.2025,0.9941892623901367,0
241654.jpg,C1,,,0.9931280016899109,0
241654.jpg,C,,,0.7964508533477783,0
241654.jpg,CE,,,0.9955320358276367,0
241654.jpg,D1,,,0.9976905584335327,0
241654.jpg,D,,,0.9968386888504028,0
241654.jpg,DE,,,0.9987649917602539,0
241654.jpg,G1,17.06.2017,17.06.2025,0.9970914125442505,0
241654.jpg,G,,,0.9953893423080444,0
241654.jpg,J,,,0.9693989157676697,0
230559.jpg,A1,13.09.2017,13.09.2025,0.9988312125205994,180
230559.jpg,A,13.09.2017,13.09.2025,0.9995276927947998,180
230559.jpg,B1,16.08.2017,16.08.2025,0.9910457730293274,180
230559.jpg,B,16.08.2017,16.08.2025,0.9925683736801147,180
230559.jpg,C1,,,0.9971069097518921,180
230559.jpg,C,,,0.7584040760993958,180
230559.jpg,CE,,,0.0,180
230559.jpg,D1,,,0.9961434602737427,180
230559.jpg,D,,,0.9972431659698486,180
230559.jpg,DE,,,0.998705267906189,180
230559.jpg,G1,13.09.2017,13.09.2025,0.9937996864318848,180
230559.jpg,G,,,0.9972840547561646,180
230559.jpg,J,,,0.9410008192062378,180
229868.jpg,A1,26.12.2016,26.12.2024,0.9977084398269653,0
229868.jpg,A,26.12.2016,26.12.2024,0.9892432689666748,0
229868.jpg,B1,26.12.2016,26.12.2024,0.9725584983825684,0
229868.jpg,B,26.12.2016,26.12.2024,0.9837093353271484,0
229868.jpg,C1,,,0.9893858432769775,0
229868.jpg,C,,,0.775105357170105,0
229868.jpg,CE,,,0.9970425367355347,0
229868.jpg,D1,,,0.9968850612640381,0
229868.jpg,D,,,0.9951731562614441,0
229868.jpg,DE,,,0.9981346130371094,0
229868.jpg,G1,26.12.2016,26.12.2024,0.997268557548523,0
229868.jpg,G,,,0.9974768757820129,0
229868.jpg,J,,,0.0,0
225778.jpg,A1,06.04.2017,06.04.2025,0.9980595111846924,270
225778.jpg,A,06.04.2017,06.04.2025,0.9991366267204285,270
225778.jpg,B1,06.04.2017,06.04.2025,0.9945027828216553,270
225778.jpg,B,06.04.2017,06.04.2025,0.9926908612251282,270
225778.jpg,C1,,,0.9966433048248291,270
225778.jpg,C,,,0.7820675373077393,270
225778.jpg,CE,,,0.9960992932319641,270
225778.jpg,D1,,,0.9944406747817993,270
225778.jpg,D,,,0.9978927969932556,270
225778.jpg,DE,,,0.9984495639801025,270
225778.jpg,G1,06.04.2017,06.04.2025,0.9981603622436523,270
225778.jpg,G,,,0.99564528465271,270
225778.jpg,J,,,0.9795868992805481,270
224250.jpg,A1,04.03.2009,09.09.2027,0.9991360902786255,90
224250.jpg,A,04.03.2009,09.09.2027,0.9996041655540466,90
224250.jpg,B1,04.03.2009,09.09.2027,0.9934707880020142,90
224250.jpg,B,,,0.0,90
224250.jpg,C1,04.03.2009,09.09.2023,0.9899650812149048,90
224250.jpg,C,04.03.2009,09.09.2023,0.7933360934257507,90
224250.jpg,CE,04.03.2009,09.09.2023,0.996153712272644,90
224250.jpg,D1,04.03.2009,09.09.2023,0.9969064593315125,90
224250.jpg,D,04.03.2009,09.09.2023,0.9979789853096008,90
224250.jpg,DE,,,0.9983637928962708,90
224250.jpg,G1,04.03.2009,09.09.2027,0.9971661567687988,90
224250.jpg,G,04.03.2009,09.09.2027,0.9970505237579346,90
224250.jpg,J,04.03.2009,09.09.2023,0.9800329804420471,90
223139.jpg,A1,15.10.2020,15.10.2028,0.9984935522079468,0
223139.jpg,A,15.10.2020,15.10.2028,0.9990347623825073,0
223139.jpg,B1,15.10.2020,15.10.2028,0.9915868043899536,0
223139.jpg,B,15.10.2020,15.10.2028,0.992831826210022,0
223139.jpg,C1,,,0.991180419921875,0
223139.jpg,C,,,0.8377472758293152,0
223139.jpg,CE,,,0.9961883425712585,0
223139.jpg,D1,,,0.9974250793457031,0
223139.jpg,D,,,0.9977825284004211,0
223139.jpg,DE,,,0.9988541603088379,0
223139.jpg,G1,15.10.2020,15.10.2028,0.997981071472168,0
223139.jpg,G,,,0.9970115423202515,0
223139.jpg,J,,,0.0,0
223032.jpg,A1,04.09.2018,04.09.2026,0.9894987642765045,270
223032.jpg,A,04.09.2018,04.09.2026,0.9483311176300049,270
223032.jpg,B1,,,0.0,270
223032.jpg,B,04.09.2018,04.09.2026,0.6163932085037231,270
223032.jpg,C1,,,0.0,270
223032.jpg,C,,,0.7167795896530151,270
223032.jpg,CE,,,0.9948849678039551,270
223032.jpg,D1,,,0.997538685798645,270
223032.jpg,D,,,0.9940981864929199,270
223032.jpg,DE,,,0.9980862140655518,270
223032.jpg,G1,04.09.2018,04.09.2026,0.9974068403244019,270
223032.jpg,G,,,0.9973370432853699,270
223032.jpg,J,,,0.9647495150566101,270
222402.jpg,A1,25.09.2018,25.09.2026,0.9950271844863892,90
222402.jpg,A,02.02.2021,02.02.2029,0.9985159039497375,90
222402.jpg,B1,,,0.9900608062744141,90
222402.jpg,B,,,0.9731470942497253,90
222402.jpg,C1,,,0.9945119023323059,90
222402.jpg,C,,,0.8119206428527832,90
222402.jpg,CE,,,0.9969210028648376,90
222402.jpg,D1,,,0.9969745874404907,90
222402.jpg,D,,,0.9975981116294861,90
222402.jpg,DE,25.09.2018,25.09.2026,0.9984203577041626,90
222402.jpg,G1,,,0.9955931305885315,90
222402.jpg,G,,,0.9960567951202393,90
222402.jpg,J,,,0.971192479133606,90
220373.jpg,A1,01.02.2013,09.07.2029,0.7656578421592712,0
220373.jpg,A,,,0.0,0
220373.jpg,B1,,,0.0,0
220373.jpg,B,,,0.0,0
220373.jpg,C1,,,0.0,0
220373.jpg,C,,,0.0,0
220373.jpg,CE,,,0.0,0
220373.jpg,D1,,,0.0,0
220373.jpg,D,,,0.0,0
220373.jpg,DE,,,0.0,0
220373.jpg,G1,,,0.0,0
220373.jpg,G,,,0.0,0
220373.jpg,J,,,0.0,0
217743.jpg,A1,07.01.2013,05.02.2029,0.9924830198287964,0
217743.jpg,A,,,0.0,0
217743.jpg,B1,,,0.0,0
217743.jpg,B,,,0.0,0
217743.jpg,C1,,,0.0,0
217743.jpg,C,,,0.0,0
217743.jpg,CE,28.04.2009,05.02.2025,0.9964200258255005,0
217743.jpg,D1,28.04.2009,05.02.2025,0.9969613552093506,0
217743.jpg,D,28.04.2009,05.02.2025,0.9980645775794983,0
217743.jpg,DE,28.04.2009,05.02.2029,0.9978228807449341,0
217743.jpg,G1,28.04.2009,05.02.2029,0.9979761838912964,0
217743.jpg,G,28.04.2009,05.02.2025,0.9953497052192688,0
217743.jpg,J,,,0.8584121465682983,0
215695.jpg,A1,19.11.2008,,0.9891616106033325,0
215695.jpg,A,,,0.0,0
215695.jpg,B1,,,0.0,0
215695.jpg,B,,,0.0,0
215695.jpg,C1,,,0.0,0
215695.jpg,C,,,0.0,0
215695.jpg,CE,,,0.9950054287910461,0
215695.jpg,D1,,,0.9965920448303223,0
215695.jpg,D,,,0.9975341558456421,0
215695.jpg,DE,,,0.9987550973892212,0
215695.jpg,G1,19.11.2008,01.06.2027,0.9971721172332764,0
215695.jpg,G,,,0.9965742826461792,0
215695.jpg,J,,,0.0,0
212335.jpg,A1,29.12.2016,29.12.2024,0.9986119270324707,270
212335.jpg,A,29.12.2016,29.12.2024,0.9992181062698364,270
212335.jpg,B1,21.11.2016,21.11.2024,0.9937789440155029,270
212335.jpg,B,,,0.9474666118621826,270
212335.jpg,C1,,,0.9916499853134155,270
212335.jpg,C,,,0.8082405924797058,270
212335.jpg,CE,,,0.9970255494117737,270
212335.jpg,D1,,,0.9970978498458862,270
212335.jpg,D,,,0.9963261485099792,270
212335.jpg,DE,,,0.9985270500183105,270
212335.jpg,G1,29.12.2016,29.12.2024,0.9983162879943848,270
212335.jpg,G,,,0.9958205223083496,270
212335.jpg,J,,,0.9851418733596802,270
210677.jpg,A1,,,0.99770188331604,0
210677.jpg,A,,,0.9989390969276428,0
210677.jpg,B1,21.06.2012,28.06.2028,0.9900789260864258,0
210677.jpg,B,,,0.9772551655769348,0
210677.jpg,C1,,,0.9908510446548462,0
210677.jpg,C,,,0.8163005113601685,0
210677.jpg,CE,,,0.9965852499008179,0
210677.jpg,D1,,,0.9966384172439575,0
210677.jpg,D,,,0.9939795732498169,0
210677.jpg,DE,,,0.9986240863800049,0
210677.jpg,G1,21.06.2012,28.06.2028,0.9975619316101074,0
210677.jpg,G,,,0.9960034489631653,0
210677.jpg,J,,,0.9388359189033508,0
210365.jpg,A1,19.09.2007,,0.993545651435852,90
210365.jpg,A,,,0.0,90
210365.jpg,B1,,,0.0,90
210365.jpg,B,,,0.0,90
210365.jpg,C1,,,0.0,90
210365.jpg,C,,,0.0,90
210365.jpg,CE,,,0.0,90
210365.jpg,D1,,,0.0,90
210365.jpg,D,,,0.0,90
210365.jpg,DE,19.09.2007,17.10.2026,0.9981474876403809,90
210365.jpg,G1,,,0.9920052289962769,90
210365.jpg,G,,,0.9976623058319092,90
210365.jpg,J,,,0.0,90
208520.jpg,A1,04.04.2016,04.04.2024,0.9971630573272705,0
208520.jpg,A,,,0.0,0
208520.jpg,B1,,,0.0,0
208520.jpg,B,,,0.0,0
208520.jpg,C1,,,0.0,0
208520.jpg,C,,,0.0,0
208520.jpg,CE,,,0.9959245324134827,0
208520.jpg,D1,,,0.9939829111099243,0
208520.jpg,D,,,0.0,0
208520.jpg,DE,,,0.9984295964241028,0
208520.jpg,G1,04.04.2016,04.04.2024,0.9978735446929932,0
208520.jpg,G,,,0.9936717748641968,0
208520.jpg,J,,,0.9829490184783936,0
207933.jpg,A1,16.09.2013,16.09.2021,0.9887988567352295,270
207933.jpg,A,16.09.2013,16.09.2021,0.9966889023780823,270
207933.jpg,B1,16.09.2013,16.09.2021,0.9274654388427734,270
207933.jpg,B,,,0.9753820896148682,270
207933.jpg,C1,13.09.2018,13.09.2022,0.9857194423675537,270
207933.jpg,C,13.09.2018,13.09.2022,0.8359507918357849,270
207933.jpg,CE,,,0.9965709447860718,270
207933.jpg,D1,13.09.2018,13.09.2022,0.994043231010437,270
207933.jpg,D,13.09.2018,13.09.2022,0.9957439303398132,270
207933.jpg,DE,,,0.9982620477676392,270
207933.jpg,G1,16.09.2013,16.09.2021,0.9884061813354492,270
207933.jpg,G,13.09.2018,13.09.2026,0.9967948794364929,270
207933.jpg,J,13.09.2018,13.09.2022,0.9847537279129028,270
207355.jpg,A1,,,0.8347947597503662,270
207355.jpg,A,,,0.0,270
207355.jpg,B1,04.10.2021,04.10.2029,0.7777509689331055,270
207355.jpg,B,,,0.0,270
207355.jpg,C1,,,0.9731837511062622,270
207355.jpg,C,,,0.0,270
207355.jpg,CE,,,0.9961987733840942,270
207355.jpg,D1,,,0.9920138716697693,270
207355.jpg,D,,,0.9947196245193481,270
207355.jpg,DE,,,0.9983484148979187,270
207355.jpg,G1,17.03.2008,03.11.2009,0.9969782829284668,270
207355.jpg,G,,,0.9859366416931152,270
207355.jpg,J,,,0.9832603335380554,270
207314.jpg,A1,04.01.2021,04.01.2029,0.9970772862434387,270
207314.jpg,A,,,0.999363362789154,270
207314.jpg,B1,04.01.2021,04.01.2029,0.9959720373153687,270
207314.jpg,B,04.01.2021,04.01.2029,0.9916438460350037,270
207314.jpg,C1,,,0.9963600635528564,270
207314.jpg,C,,,0.7539246082305908,270
207314.jpg,CE,,,0.9971455335617065,270
207314.jpg,D1,,,0.9983320236206055,270
207314.jpg,D,,,0.9963496923446655,270
207314.jpg,DE,,,0.9987932443618774,270
207314.jpg,G1,,,0.9983348846435547,270
207314.jpg,G,,,0.99580979347229,270
207314.jpg,J,,,0.9757853150367737,270
205464.jpg,A1,21.02.2018,21.02.2026,0.991281270980835,0
205464.jpg,A,,,0.9992262125015259,0
205464.jpg,B1,21.02.2018,21.02.2026,0.9827783107757568,0
205464.jpg,B,,,0.9769091010093689,0
205464.jpg,C1,,,0.9891695976257324,0
205464.jpg,C,,,0.7866796851158142,0
205464.jpg,CE,,,0.9958916902542114,0
205464.jpg,D1,,,0.9974020719528198,0
205464.jpg,D,,,0.9964234232902527,0
205464.jpg,DE,,,0.9987391233444214,0
205464.jpg,G1,21.02.2018,21.02.2026,0.9977270364761353,0
205464.jpg,G,,,0.9965685606002808,0
205464.jpg,J,,,0.8769320845603943,0
193056.jpg,A1,13.02.2020,13.02.2028,0.9932131767272949,270
193056.jpg,A,,,0.0,270
193056.jpg,B1,,,0.0,270
193056.jpg,B,13.02.2020,13.02.2028,0.592918872833252,270
193056.jpg,C1,,,0.0,270
193056.jpg,C,,,0.6429305672645569,270
193056.jpg,CE,,,0.9954686164855957,270
193056.jpg,D1,,,0.0,270
193056.jpg,D,,,0.6016558408737183,270
193056.jpg,DE,,,0.9916973114013672,270
193056.jpg,G1,13.02.2020,13.02.2028,0.9864487648010254,270
193056.jpg,G,,,0.906960666179657,270
193056.jpg,J,,,0.0,270
186559.jpg,A1,,,0.9982928037643433,270
186559.jpg,A,23.05.2017,23.05.2025,0.970259428024292,270
186559.jpg,B1,23.05.2017,23.05.2025,0.9930869936943054,270
186559.jpg,B,,,0.9463433623313904,270
186559.jpg,C1,23.05.2017,23.05.2025,0.9918707013130188,270
186559.jpg,C,,,0.0,270
186559.jpg,CE,,,0.9919571876525879,270
186559.jpg,D1,,,0.9768346548080444,270
186559.jpg,D,,,0.0,270
186559.jpg,DE,,,0.9937029480934143,270
186559.jpg,G1,23.05.2017,23.05.2025,0.9903411865234375,270
186559.jpg,G,,,0.0,270
186559.jpg,J,,,0.0,270
182964.jpg,A1,15.02.2021,15.02.2029,0.9750714302062988,0
182964.jpg,A,,,0.0,0
182964.jpg,B1,,,0.0,0
182964.jpg,B,,,0.0,0
182964.jpg,C1,,,0.0,0
182964.jpg,C,,,0.0,0
182964.jpg,CE,,,0.0,0
182964.jpg,D1,,,0.0,0
182964.jpg,D,15.02.2021,15.02.2029,0.7672220468521118,0
182964.jpg,DE,,,0.0,0
182964.jpg,G1,,,0.0,0
182964.jpg,G,,,0.0,0
182964.jpg,J,,,0.0,0
181763.jpg,A1,22.10.2018,22.10.2026,0.9972658753395081,0
181763.jpg,A,22.10.2018,22.10.2026,0.9255765676498413,0
181763.jpg,B1,22.10.2018,22.10.2026,0.9074975252151489,0
181763.jpg,B,22.10.2018,22.10.2026,0.7518669962882996,0
181763.jpg,C1,,,0.9906114339828491,0
181763.jpg,C,,,0.731924295425415,0
181763.jpg,CE,,,0.9956310987472534,0
181763.jpg,D1,,,0.9916971921920776,0
181763.jpg,D,,,0.9915476441383362,0
181763.jpg,DE,,,0.9980494976043701,0
181763.jpg,G1,22.10.2018,22.10.2026,0.998110830783844,0
181763.jpg,G,,,0.9926954507827759,0
181763.jpg,J,,,0.0,0
181195.jpg,A1,03.11.2020,03.11.2028,0.9956464767456055,0
181195.jpg,A,03.11.2020,03.11.2028,0.9909868836402893,0
181195.jpg,B1,03.11.2020,03.11.2028,0.9446460008621216,0
181195.jpg,B,03.11.2020,03.11.2028,0.7666454315185547,0
181195.jpg,C1,,,0.986931324005127,0
181195.jpg,C,,,0.0,0
181195.jpg,CE,,,0.9953198432922363,0
181195.jpg,D1,,,0.9959236979484558,0
181195.jpg,D,,,0.9945753812789917,0
181195.jpg,DE,,,0.9986540675163269,0
181195.jpg,G1,03.11.2020,03.11.2028,0.9921261072158813,0
181195.jpg,G,,,0.994293212890625,0
181195.jpg,J,,,0.0,0
177157.jpg,A1,,,0.0,0
177157.jpg,A,,,0.0,0
177157.jpg,B1,,,0.0,0
177157.jpg,B,,,0.0,0
177157.jpg,C1,,,0.0,0
177157.jpg,C,,,0.0,0
177157.jpg,CE,,,0.0,0
177157.jpg,D1,,,0.0,0
177157.jpg,D,,,0.0,0
177157.jpg,DE,,,0.0,0
177157.jpg,G1,,,0.0,0
177157.jpg,G,,,0.0,0
177157.jpg,J,,,0.0,0
175810.jpg,A1,24.07.2015,24.07.2023,0.9615507125854492,0
175810.jpg,A,,,0.0,0
175810.jpg,B1,24.07.2017,24.07.2025,0.8540582656860352,0
175810.jpg,B,,,0.0,0
175810.jpg,C1,,,0.0,0
175810.jpg,C,,,0.0,0
175810.jpg,CE,,,0.9899659752845764,0
175810.jpg,D1,,,0.0,0
175810.jpg,D,,,0.0,0
175810.jpg,DE,24.07.2015,04.01.2032,0.9910527467727661,0
175810.jpg,G1,,,0.0,0
175810.jpg,G,,,0.7974741458892822,0
175810.jpg,J,,,0.9728259444236755,0
173948.jpg,A1,,,0.9942598342895508,0
173948.jpg,A,,,0.9983304142951965,0
173948.jpg,B1,16.03.2018,16.03.2026,0.9841135740280151,0
173948.jpg,B,,,0.74982088804245,0
173948.jpg,C1,,,0.0,0
173948.jpg,C,,,0.0,0
173948.jpg,CE,,,0.9908758401870728,0
173948.jpg,D1,,,0.9976375102996826,0
173948.jpg,D,,,0.9963721036911011,0
173948.jpg,DE,,,0.9981298446655273,0
173948.jpg,G1,16.03.2018,16.03.2026,0.9971544742584229,0
173948.jpg,G,,,0.9948002099990845,0
173948.jpg,J,,,0.9691624641418457,0
172735.jpg,A1,18.06.2014,18.06.2022,0.9894839525222778,90
172735.jpg,A,18.06.2014,18.06.2022,0.9940429329872131,90
172735.jpg,B1,18.06.2014,18.06.2022,0.9059897661209106,90
172735.jpg,B,,,0.0,90
172735.jpg,C1,,,0.0,90
172735.jpg,C,,,0.0,90
172735.jpg,CE,,,0.0,90
172735.jpg,D1,,,0.0,90
172735.jpg,D,,,0.0,90
172735.jpg,DE,,,0.0,90
172735.jpg,G1,18.06.2014,18.06.2022,0.9948426485061646,90
172735.jpg,G,,,0.9900692105293274,90
172735.jpg,J,,,0.0,90
170532.jpg,A1,24.03.2004,10.07.2025,0.9964009523391724,0
170532.jpg,A,24.03.2004,10.07.2025,0.9985014200210571,0
170532.jpg,B1,24.03.2004,10.07.2025,0.9236887097358704,0
170532.jpg,B,24.03.2004,10.07.2025,0.9665133357048035,0
170532.jpg,C1,24.03.2004,10.07.2021,0.9374309182167053,0
170532.jpg,C,24.03.2004,10.07.2021,0.7792550921440125,0
170532.jpg,CE,24.03.2004,10.07.2021,0.9971912503242493,0
170532.jpg,D1,24.03.2004,10.07.2021,0.9972097277641296,0
170532.jpg,D,24.03.2004,10.07.2021,0.9939664602279663,0
170532.jpg,DE,,,0.998172402381897,0
170532.jpg,G1,24.03.2004,10.07.2025,0.9976614713668823,0
170532.jpg,G,24.03.2004,10.07.2025,0.9956822395324707,0
170532.jpg,J,24.03.2004,10.07.2021,0.9843342900276184,0
170349.jpg,A1,,,0.9974088668823242,0
170349.jpg,A,03.03.1981,19.12.2025,0.5073416233062744,0
170349.jpg,B1,,,0.9957921504974365,0
170349.jpg,B,03.03.1981,19.12.2025,0.9733885526657104,0
170349.jpg,C1,03.03.1981,19.12.2021,0.9932249784469604,0
170349.jpg,C,03.03.1981,19.12.2021,0.7990121245384216,0
170349.jpg,CE,03.03.1981,19.12.2021,0.9959633350372314,0
170349.jpg,D1,03.03.1981,19.12.2021,0.996806800365448,0
170349.jpg,D,03.03.1981,19.12.2021,0.9953334927558899,0
170349.jpg,DE,,,0.9984953999519348,0
170349.jpg,G1,03.03.1981,19.12.2025,0.9980411529541016,0
170349.jpg,G,03.03.1981,19.12.2025,0.996236264705658,0
170349.jpg,J,03.03.1981,19.12.2021,0.9877328872680664,0
119223.jpg,A1,,,0.0,0
119223.jpg,A,,,0.0,0
119223.jpg,B1,07.06.2019,07.06.2027,0.7077006101608276,0
119223.jpg,B,,,0.0,0
119223.jpg,C1,,,0.0,0
119223.jpg,C,,,0.0,0
119223.jpg,CE,,,0.0,0
119223.jpg,D1,,,0.0,0
119223.jpg,D,,,0.0,0
119223.jpg,DE,,,0.0,0
119223.jpg,G1,,,0.0,0
119223.jpg,G,,,0.0,0
119223.jpg,J,,,0.0,0
